{
    "data":{
        "curPage":1,
        "datas":[
            {
                "apkLink":"",
                "audit":1,
                "author":"阮一峰",
                "canEdit":false,
                "chapterId":549,
                "chapterName":"HTML 教程_阮一峰",
                "collect":false,
                "courseId":13,
                "desc":"",
                "descMd":"",
                "envelopePic":"",
                "fresh":false,
                "host":"",
                "id":21881,
                "link":"https://www.wanandroid.com/blog/show/3201",
                "niceDate":"2022-03-22 14:37",
                "niceShareDate":"2022-03-22 14:36",
                "origin":"",
                "prefix":"",
                "projectLink":"",
                "publishTime":1647931066000,
                "realSuperChapterId":547,
                "selfVisible":0,
                "shareDate":1647930998000,
                "shareUser":"",
                "superChapterId":548,
                "superChapterName":"教程",
                "tags":[

                ],
                "title":"HTML 语言简介",
                "type":0,
                "userId":-1,
                "visible":0,
                "zan":0
            },
            {
                "apkLink":"",
                "audit":1,
                "author":"阮一峰",
                "canEdit":false,
                "chapterId":549,
                "chapterName":"HTML 教程_阮一峰",
                "collect":false,
                "courseId":13,
                "desc":"",
                "descMd":"",
                "envelopePic":"",
                "fresh":false,
                "host":"",
                "id":21882,
                "link":"https://www.wanandroid.com/blog/show/3202",
                "niceDate":"2022-03-22 14:48",
                "niceShareDate":"2022-03-22 14:47",
                "origin":"",
                "prefix":"",
                "projectLink":"",
                "publishTime":1647931697000,
                "realSuperChapterId":547,
                "selfVisible":0,
                "shareDate":1647931662000,
                "shareUser":"",
                "superChapterId":548,
                "superChapterName":"教程",
                "tags":[

                ],
                "title":"URL 简介",
                "type":0,
                "userId":-1,
                "visible":0,
                "zan":0
            },
            {
                "apkLink":"",
                "audit":1,
                "author":"阮一峰",
                "canEdit":false,
                "chapterId":549,
                "chapterName":"HTML 教程_阮一峰",
                "collect":false,
                "courseId":13,
                "desc":"",
                "descMd":"",
                "envelopePic":"",
                "fresh":false,
                "host":"",
                "id":21883,
                "link":"https://www.wanandroid.com/blog/show/3203",
                "niceDate":"2022-03-22 14:55",
                "niceShareDate":"2022-03-22 14:49",
                "origin":"",
                "prefix":"",
                "projectLink":"",
                "publishTime":1647932150000,
                "realSuperChapterId":547,
                "selfVisible":0,
                "shareDate":1647931797000,
                "shareUser":"",
                "superChapterId":548,
                "superChapterName":"教程",
                "tags":[

                ],
                "title":"网页元素的属性",
                "type":0,
                "userId":-1,
                "visible":0,
                "zan":0
            },
            {
                "apkLink":"",
                "audit":1,
                "author":"阮一峰",
                "canEdit":false,
                "chapterId":549,
                "chapterName":"HTML 教程_阮一峰",
                "collect":false,
                "courseId":13,
                "desc":"",
                "descMd":"",
                "envelopePic":"",
                "fresh":false,
                "host":"",
                "id":21884,
                "link":"https://www.wanandroid.com/blog/show/3204",
                "niceDate":"2022-03-22 14:58",
                "niceShareDate":"2022-03-22 14:50",
                "origin":"",
                "prefix":"",
                "projectLink":"",
                "publishTime":1647932303000,
                "realSuperChapterId":547,
                "selfVisible":0,
                "shareDate":1647931844000,
                "shareUser":"",
                "superChapterId":548,
                "superChapterName":"教程",
                "tags":[

                ],
                "title":"HTML 字符编码",
                "type":0,
                "userId":-1,
                "visible":0,
                "zan":0
            },
            {
                "apkLink":"",
                "audit":1,
                "author":"阮一峰",
                "canEdit":false,
                "chapterId":549,
                "chapterName":"HTML 教程_阮一峰",
                "collect":false,
                "courseId":13,
                "desc":"",
                "descMd":"",
                "envelopePic":"",
                "fresh":false,
                "host":"",
                "id":21885,
                "link":"https://www.wanandroid.com/blog/show/3205",
                "niceDate":"2022-03-22 14:58",
                "niceShareDate":"2022-03-22 14:51",
                "origin":"",
                "prefix":"",
                "projectLink":"",
                "publishTime":1647932332000,
                "realSuperChapterId":547,
                "selfVisible":0,
                "shareDate":1647931886000,
                "shareUser":"",
                "superChapterId":548,
                "superChapterName":"教程",
                "tags":[

                ],
                "title":"网页的语义结构",
                "type":0,
                "userId":-1,
                "visible":0,
                "zan":0
            },
            {
                "apkLink":"",
                "audit":1,
                "author":"阮一峰",
                "canEdit":false,
                "chapterId":549,
                "chapterName":"HTML 教程_阮一峰",
                "collect":false,
                "courseId":13,
                "desc":"",
                "descMd":"",
                "envelopePic":"",
                "fresh":false,
                "host":"",
                "id":21886,
                "link":"https://www.wanandroid.com/blog/show/3206",
                "niceDate":"2022-03-22 14:59",
                "niceShareDate":"2022-03-22 14:52",
                "origin":"",
                "prefix":"",
                "projectLink":"",
                "publishTime":1647932341000,
                "realSuperChapterId":547,
                "selfVisible":0,
                "shareDate":1647931926000,
                "shareUser":"",
                "superChapterId":548,
                "superChapterName":"教程",
                "tags":[

                ],
                "title":"文本标签",
                "type":0,
                "userId":-1,
                "visible":0,
                "zan":0
            },
            {
                "apkLink":"",
                "audit":1,
                "author":"阮一峰",
                "canEdit":false,
                "chapterId":549,
                "chapterName":"HTML 教程_阮一峰",
                "collect":false,
                "courseId":13,
                "desc":"",
                "descMd":"",
                "envelopePic":"",
                "fresh":false,
                "host":"",
                "id":21887,
                "link":"https://www.wanandroid.com/blog/show/3207",
                "niceDate":"2022-03-22 14:59",
                "niceShareDate":"2022-03-22 14:52",
                "origin":"",
                "prefix":"",
                "projectLink":"",
                "publishTime":1647932348000,
                "realSuperChapterId":547,
                "selfVisible":0,
                "shareDate":1647931963000,
                "shareUser":"",
                "superChapterId":548,
                "superChapterName":"教程",
                "tags":[

                ],
                "title":"列表标签",
                "type":0,
                "userId":-1,
                "visible":0,
                "zan":0
            },
            {
                "apkLink":"",
                "audit":1,
                "author":"阮一峰",
                "canEdit":false,
                "chapterId":549,
                "chapterName":"HTML 教程_阮一峰",
                "collect":false,
                "courseId":13,
                "desc":"",
                "descMd":"",
                "envelopePic":"",
                "fresh":false,
                "host":"",
                "id":21888,
                "link":"https://www.wanandroid.com/blog/show/3208",
                "niceDate":"2022-03-22 14:59",
                "niceShareDate":"2022-03-22 14:53",
                "origin":"",
                "prefix":"",
                "projectLink":"",
                "publishTime":1647932355000,
                "realSuperChapterId":547,
                "selfVisible":0,
                "shareDate":1647932001000,
                "shareUser":"",
                "superChapterId":548,
                "superChapterName":"教程",
                "tags":[

                ],
                "title":"图像标签",
                "type":0,
                "userId":-1,
                "visible":0,
                "zan":0
            },
            {
                "apkLink":"",
                "audit":1,
                "author":"阮一峰",
                "canEdit":false,
                "chapterId":549,
                "chapterName":"HTML 教程_阮一峰",
                "collect":false,
                "courseId":13,
                "desc":"",
                "descMd":"",
                "envelopePic":"",
                "fresh":false,
                "host":"",
                "id":21889,
                "link":"https://www.wanandroid.com/blog/show/3209",
                "niceDate":"2022-03-22 14:59",
                "niceShareDate":"2022-03-22 14:53",
                "origin":"",
                "prefix":"",
                "projectLink":"",
                "publishTime":1647932362000,
                "realSuperChapterId":547,
                "selfVisible":0,
                "shareDate":1647932036000,
                "shareUser":"",
                "superChapterId":548,
                "superChapterName":"教程",
                "tags":[

                ],
                "title":"链接标签",
                "type":0,
                "userId":-1,
                "visible":0,
                "zan":0
            },
            {
                "apkLink":"",
                "audit":1,
                "author":"阮一峰",
                "canEdit":false,
                "chapterId":549,
                "chapterName":"HTML 教程_阮一峰",
                "collect":false,
                "courseId":13,
                "desc":"",
                "descMd":"",
                "envelopePic":"",
                "fresh":false,
                "host":"",
                "id":21890,
                "link":"https://www.wanandroid.com/blog/show/3210",
                "niceDate":"2022-03-22 14:59",
                "niceShareDate":"2022-03-22 14:54",
                "origin":"",
                "prefix":"",
                "projectLink":"",
                "publishTime":1647932372000,
                "realSuperChapterId":547,
                "selfVisible":0,
                "shareDate":1647932069000,
                "shareUser":"",
                "superChapterId":548,
                "superChapterName":"教程",
                "tags":[

                ],
                "title":"多媒体标签",
                "type":0,
                "userId":-1,
                "visible":0,
                "zan":0
            },
            {
                "apkLink":"",
                "audit":1,
                "author":"阮一峰",
                "canEdit":false,
                "chapterId":549,
                "chapterName":"HTML 教程_阮一峰",
                "collect":false,
                "courseId":13,
                "desc":"",
                "descMd":"",
                "envelopePic":"",
                "fresh":false,
                "host":"",
                "id":21891,
                "link":"https://www.wanandroid.com/blog/show/3211",
                "niceDate":"2022-03-22 15:03",
                "niceShareDate":"2022-03-22 15:01",
                "origin":"",
                "prefix":"",
                "projectLink":"",
                "publishTime":1647932610000,
                "realSuperChapterId":547,
                "selfVisible":0,
                "shareDate":1647932489000,
                "shareUser":"",
                "superChapterId":548,
                "superChapterName":"教程",
                "tags":[

                ],
                "title":"iframe",
                "type":0,
                "userId":-1,
                "visible":0,
                "zan":0
            },
            {
                "apkLink":"",
                "audit":1,
                "author":"阮一峰",
                "canEdit":false,
                "chapterId":549,
                "chapterName":"HTML 教程_阮一峰",
                "collect":false,
                "courseId":13,
                "desc":"",
                "descMd":"",
                "envelopePic":"",
                "fresh":false,
                "host":"",
                "id":21892,
                "link":"https://www.wanandroid.com/blog/show/3212",
                "niceDate":"2022-03-22 15:03",
                "niceShareDate":"2022-03-22 15:02",
                "origin":"",
                "prefix":"",
                "projectLink":"",
                "publishTime":1647932617000,
                "realSuperChapterId":547,
                "selfVisible":0,
                "shareDate":1647932520000,
                "shareUser":"",
                "superChapterId":548,
                "superChapterName":"教程",
                "tags":[

                ],
                "title":"表格标签",
                "type":0,
                "userId":-1,
                "visible":0,
                "zan":0
            },
            {
                "apkLink":"",
                "audit":1,
                "author":"阮一峰",
                "canEdit":false,
                "chapterId":549,
                "chapterName":"HTML 教程_阮一峰",
                "collect":false,
                "courseId":13,
                "desc":"",
                "descMd":"",
                "envelopePic":"",
                "fresh":false,
                "host":"",
                "id":21893,
                "link":"https://www.wanandroid.com/blog/show/3213",
                "niceDate":"2022-03-22 15:03",
                "niceShareDate":"2022-03-22 15:02",
                "origin":"",
                "prefix":"",
                "projectLink":"",
                "publishTime":1647932623000,
                "realSuperChapterId":547,
                "selfVisible":0,
                "shareDate":1647932564000,
                "shareUser":"",
                "superChapterId":548,
                "superChapterName":"教程",
                "tags":[

                ],
                "title":"表单标签",
                "type":0,
                "userId":-1,
                "visible":0,
                "zan":0
            },
            {
                "apkLink":"",
                "audit":1,
                "author":"阮一峰",
                "canEdit":false,
                "chapterId":549,
                "chapterName":"HTML 教程_阮一峰",
                "collect":false,
                "courseId":13,
                "desc":"",
                "descMd":"",
                "envelopePic":"",
                "fresh":false,
                "host":"",
                "id":21894,
                "link":"https://www.wanandroid.com/blog/show/3214",
                "niceDate":"2022-03-22 15:03",
                "niceShareDate":"2022-03-22 15:03",
                "origin":"",
                "prefix":"",
                "projectLink":"",
                "publishTime":1647932634000,
                "realSuperChapterId":547,
                "selfVisible":0,
                "shareDate":1647932593000,
                "shareUser":"",
                "superChapterId":548,
                "superChapterName":"教程",
                "tags":[

                ],
                "title":"其他标签",
                "type":0,
                "userId":-1,
                "visible":0,
                "zan":0
            }
        ],
        "offset":0,
        "over":true,
        "pageCount":1,
        "size":20,
        "total":14
    },
    "errorCode":0,
    "errorMsg":""
}
