{
    "data":[
        {
            "author":"阮一峰",
            "children":[

            ],
            "courseId":13,
            "cover":"https://www.wanandroid.com/blogimgs/f1cb8d34-82c1-46f7-80fe-b899f56b69c1.png",
            "desc":"C 语言入门教程。",
            "id":548,
            "lisense":"知识共享 署名-相同方式共享 3.0协议",
            "lisenseLink":"https://creativecommons.org/licenses/by-sa/3.0/deed.zh",
            "name":"C 语言入门教程_阮一峰",
            "order":270000,
            "parentChapterId":547,
            "userControlSetTop":false,
            "visible":1
        },
        {
            "author":"阮一峰",
            "children":[

            ],
            "courseId":13,
            "cover":"https://wanandroid.com/blogimgs/396ea6a1-e654-4f08-80ce-c99b8b90bc29.png",
            "desc":"本教程完整介绍 HTML 语言的所有内容，既可以当作初学者的入门教程，也可以用作参考手册查阅语法。\n\n",
            "id":549,
            "lisense":"知识共享 署名-相同方式共享 3.0协议",
            "lisenseLink":"https://creativecommons.org/licenses/by-sa/3.0/deed.zh",
            "name":"HTML 教程_阮一峰",
            "order":270001,
            "parentChapterId":547,
            "userControlSetTop":false,
            "visible":1
        },
        {
            "author":"阮一峰",
            "children":[

            ],
            "courseId":13,
            "cover":"https://www.wanandroid.com/blogimgs/2337b2bf-e55b-4529-8549-566b7c922693.png",
            "desc":"本教程介绍 SSH（主要是它的实现 OpenSSH）的概念和基本用法，也可以当作手册查询。\n\n",
            "id":550,
            "lisense":"知识共享 署名-相同方式共享 3.0协议",
            "lisenseLink":"https://creativecommons.org/licenses/by-sa/3.0/deed.zh",
            "name":"SSH 教程_阮一峰",
            "order":270002,
            "parentChapterId":547,
            "userControlSetTop":false,
            "visible":1
        },
        {
            "author":"阮一峰",
            "children":[

            ],
            "courseId":13,
            "cover":"https://www.wanandroid.com/blogimgs/d0b37e44-4907-4cbc-8f67-321e64b6c2d3.png",
            "desc":"本教程介绍 Linux 命令行 Bash 的基本用法和脚本编程。\n\n",
            "id":551,
            "lisense":"知识共享 署名-相同方式共享 3.0协议",
            "lisenseLink":"https://creativecommons.org/licenses/by-sa/3.0/deed.zh",
            "name":"Bash 脚本教程_阮一峰",
            "order":270003,
            "parentChapterId":547,
            "userControlSetTop":false,
            "visible":1
        },
        {
            "author":"阮一峰",
            "children":[

            ],
            "courseId":13,
            "cover":"https://www.wanandroid.com/blogimgs/3cb4b574-afff-4578-950b-8579e6b44c10.png",
            "desc":"Web API 教程，提供各种浏览器 API 文档，正在建设中。",
            "id":552,
            "lisense":"知识共享 署名-相同方式共享 3.0协议",
            "lisenseLink":"https://creativecommons.org/licenses/by-sa/3.0/deed.zh",
            "name":"WebAPI教程_阮一峰",
            "order":270004,
            "parentChapterId":547,
            "userControlSetTop":false,
            "visible":1
        },
        {
            "author":"阮一峰",
            "children":[

            ],
            "courseId":13,
            "cover":"https://www.wanandroid.com/blogimgs/127411e8-a6aa-4bfc-ae5c-576a0ba3f939.png",
            "desc":"本教程全面介绍 JavaScript 核心语法，覆盖了 ES5 和 DOM 规范的所有内容。\n\n本教程适合初学者当作 JavaScript 语言入门教程，学完后就可以承担实际的网页开发工作，也适合当作日常使用的参考手册。\n",
            "id":553,
            "lisense":"知识共享 署名-相同方式共享 3.0协议",
            "lisenseLink":"https://creativecommons.org/licenses/by-sa/3.0/deed.zh",
            "name":"JavaScript 教程",
            "order":270005,
            "parentChapterId":547,
            "userControlSetTop":false,
            "visible":1
        }
    ],
    "errorCode":0,
    "errorMsg":""
}
