{
  "errorMsg" : "",
  "data" : {
    "offset" : 0,
    "over" : false,
    "datas" : [
      {
        "id" : 278305,
        "category" : 2,
        "fromUser" : "年迈Android男技师",
        "message" : "我理解的是他没有自己的线程池吧？IPCThreadState是进程单例。对应驱动中的proc结构体。匿名binder的使用过程是通过实名binder传到对端，对端收到的是匿名binder的代理端。他只是被binder驱动创建了一个binder_node被插入到当前proc。为对端即客户端的proc创建并插入一个binder_ref。客户端通过匿...",
        "link" : "\/wenda\/show\/22814",
        "fullLink" : "https:\/\/www.wanandroid.com\/wenda\/show\/22814",
        "title" : "回答了：【大家提问】Android中的匿名binder与线程相关的一些问题",
        "isRead" : 1,
        "date" : 1655432176000,
        "fromUserId" : 84349,
        "niceDate" : "2022-06-17 10:16",
        "tag" : "新回答",
        "userId" : 59171
      },
      {
        "id" : 272348,
        "category" : 2,
        "fromUser" : "笨笨笨小孩",
        "message" : "不是实名Binder返回匿名Binder的时候？",
        "link" : "\/wenda\/show\/22814",
        "fullLink" : "https:\/\/www.wanandroid.com\/wenda\/show\/22814",
        "title" : "回答了：【大家提问】Android中的匿名binder与线程相关的一些问题",
        "isRead" : 1,
        "date" : 1653698766000,
        "fromUserId" : 57868,
        "niceDate" : "2022-05-28 08:46",
        "tag" : "新回答",
        "userId" : 59171
      },
      {
        "id" : 269793,
        "category" : 1,
        "fromUser" : "1112223334",
        "message" : "呃呃呃",
        "link" : "\/wenda\/show\/20946",
        "fullLink" : "https:\/\/www.wanandroid.com\/wenda\/show\/20946",
        "title" : "回复了@pgzxc",
        "isRead" : 1,
        "date" : 1653216086000,
        "fromUserId" : 132072,
        "niceDate" : "2022-05-22 18:41",
        "tag" : "评论回复",
        "userId" : 59171
      },
      {
        "id" : 269193,
        "category" : 1,
        "fromUser" : "pgzxc",
        "message" : "大虾厉害",
        "link" : "\/wenda\/show\/20946",
        "fullLink" : "https:\/\/www.wanandroid.com\/wenda\/show\/20946",
        "title" : "回复了@逮虾户",
        "isRead" : 1,
        "date" : 1653215989000,
        "fromUserId" : 26707,
        "niceDate" : "2022-05-22 18:39",
        "tag" : "评论回复",
        "userId" : 59171
      },
      {
        "id" : 255292,
        "category" : 2,
        "fromUser" : "回家的诱惑",
        "message" : "最新发现：IDEA Plugin的SDK居然有提供编译指定文件的api（这是前段时间在看生成ASM代码的那个插件的代码时偶然发现的）：所以完...",
        "link" : "\/wenda\/show\/18453",
        "fullLink" : "https:\/\/www.wanandroid.com\/wenda\/show\/18453",
        "title" : "回答了：每日一问 | 极致的编译优化如何实现？ [更新]",
        "isRead" : 1,
        "date" : 1645580052000,
        "fromUserId" : 7590,
        "niceDate" : "2022-02-23 09:34",
        "tag" : "新回答",
        "userId" : 59171
      },
      {
        "id" : 251364,
        "category" : 1,
        "fromUser" : "去百度找洋神",
        "message" : "我也没懂",
        "link" : "\/wenda\/show\/20535",
        "fullLink" : "https:\/\/www.wanandroid.com\/wenda\/show\/20535",
        "title" : "回复了@BugMaker233",
        "isRead" : 1,
        "date" : 1643166001000,
        "fromUserId" : 65696,
        "niceDate" : "2022-01-26 11:00",
        "tag" : "评论回复",
        "userId" : 59171
      },
      {
        "id" : 247983,
        "category" : 1,
        "fromUser" : "18609815623",
        "message" : "我都看懂了",
        "link" : "\/wenda\/show\/18930",
        "fullLink" : "https:\/\/www.wanandroid.com\/wenda\/show\/18930",
        "title" : "回复了@付十一",
        "isRead" : 1,
        "date" : 1641979817000,
        "fromUserId" : 123796,
        "niceDate" : "2022-01-12 17:30",
        "tag" : "评论回复",
        "userId" : 59171
      },
      {
        "id" : 242974,
        "category" : 1,
        "fromUser" : "DaveBoy",
        "message" : "写得很好，学到了，第三个问题的一方面是因为没有走ondestory，另一方面是否也有非配置改变的原因（就算走了ondestory，没有改变配置的情况下也无法恢复）",
        "link" : "\/wenda\/show\/18930",
        "fullLink" : "https:\/\/www.wanandroid.com\/wenda\/show\/18930",
        "title" : "回复了@wangzd",
        "isRead" : 1,
        "date" : 1640939111000,
        "fromUserId" : 7809,
        "niceDate" : "2021-12-31 16:25",
        "tag" : "评论回复",
        "userId" : 59171
      },
      {
        "id" : 242659,
        "category" : 1,
        "fromUser" : "DaveBoy",
        "message" : "意思1、2、3情况会处于同一进程（同一签名也会？学到了），持有application集合主要是为了发生对应事件时方便回调集合中application的对应方法？",
        "link" : "\/wenda\/show\/19550",
        "fullLink" : "https:\/\/www.wanandroid.com\/wenda\/show\/19550",
        "title" : "回复了@承香墨影",
        "isRead" : 1,
        "date" : 1640937778000,
        "fromUserId" : 7809,
        "niceDate" : "2021-12-31 16:02",
        "tag" : "评论回复",
        "userId" : 59171
      },
      {
        "id" : 241090,
        "category" : 1,
        "fromUser" : "dachuiWang",
        "message" : "神仙打架奥",
        "link" : "\/wenda\/show\/20535",
        "fullLink" : "https:\/\/www.wanandroid.com\/wenda\/show\/20535",
        "title" : "回复了@BugMaker233",
        "isRead" : 1,
        "date" : 1640597130000,
        "fromUserId" : 122688,
        "niceDate" : "2021-12-27 17:25",
        "tag" : "评论回复",
        "userId" : 59171
      },
      {
        "id" : 240340,
        "category" : 1,
        "fromUser" : "残页",
        "message" : "注入进其他进程，其他进程的限制。",
        "link" : "\/wenda\/show\/20535",
        "fullLink" : "https:\/\/www.wanandroid.com\/wenda\/show\/20535",
        "title" : "回复了@Reginer",
        "isRead" : 1,
        "date" : 1640319081000,
        "fromUserId" : 12467,
        "niceDate" : "2021-12-24 12:11",
        "tag" : "评论回复",
        "userId" : 59171
      },
      {
        "id" : 239910,
        "category" : 1,
        "fromUser" : "Reginer",
        "message" : "root没有hidden api限制",
        "link" : "\/wenda\/show\/20535",
        "fullLink" : "https:\/\/www.wanandroid.com\/wenda\/show\/20535",
        "title" : "回复了@残页",
        "isRead" : 1,
        "date" : 1640308480000,
        "fromUserId" : 2160,
        "niceDate" : "2021-12-24 09:14",
        "tag" : "评论回复",
        "userId" : 59171
      },
      {
        "id" : 239480,
        "category" : 2,
        "fromUser" : "残页",
        "message" : "反对 @Reginer 的 3 和 4。3.就是验证权限，看apk有没有对应权限android 权限系统通过 uid 和 selinux context 来限制应用权限，如 访问网络 这类需要直接和 linux 内核进行交互的权限，就是通过向对应的 uid 增加 inet (3003) 这个 group 来...",
        "link" : "\/wenda\/show\/20535",
        "fullLink" : "https:\/\/www.wanandroid.com\/wenda\/show\/20535",
        "title" : "回答了：每日一问 | android hidden api 不是禁用反射，以及如何突破，「元反射」不行了？",
        "isRead" : 1,
        "date" : 1640272881000,
        "fromUserId" : 12467,
        "niceDate" : "2021-12-23 23:21",
        "tag" : "新回答",
        "userId" : 59171
      },
      {
        "id" : 238962,
        "category" : 1,
        "fromUser" : "残页",
        "message" : "而且如果是 java api 的话，因为 classloader 会先向父 loader 请求加载类，实际访问到的还是系统那个，然后还是会触发 hidden api 限制机制。我们实际遇到的问题是，art 虚拟机里调用一个来自未初始化类的静态方法应该首先触发类初始化，而 art 虚拟机采取的方案是把所有未初始化类的静态方法的入口点设置为一个跳板，触发类初始化，然后把这些静态方法的入口点设置成真正的...",
        "link" : "\/wenda\/show\/20535",
        "fullLink" : "https:\/\/www.wanandroid.com\/wenda\/show\/20535",
        "title" : "回复了@Reginer",
        "isRead" : 1,
        "date" : 1640269389000,
        "fromUserId" : 12467,
        "niceDate" : "2021-12-23 22:23",
        "tag" : "评论回复",
        "userId" : 59171
      },
      {
        "id" : 238533,
        "category" : 1,
        "fromUser" : "残页",
        "message" : "看题，不要讨论什么不应该。题目要求就是去绕过，你一直在说让谷歌开放，就像有题不答非要问为什么出这种题。至于没有权限，那是两回事，要用权限限制的都不在本进程，同一个进程随便调用（不然系统自己在应用进程跑的代码怎么用），而且我的东西使用前提就是用户 root 手机，不 root 跑来用会被我拉黑。然后你说 implementation，那个 commit 是在 art 虚拟机里面的，难道我把 art ...",
        "link" : "\/wenda\/show\/20535",
        "fullLink" : "https:\/\/www.wanandroid.com\/wenda\/show\/20535",
        "title" : "回复了@Reginer",
        "isRead" : 1,
        "date" : 1640255490000,
        "fromUserId" : 12467,
        "niceDate" : "2021-12-23 18:31",
        "tag" : "评论回复",
        "userId" : 59171
      },
      {
        "id" : 237817,
        "category" : 1,
        "fromUser" : "Reginer",
        "message" : "但是偷偷把高版本才有的一个 commit 给 cherry pick 了过来，这和替换android.jar的原理那更像了，后来又提了个问题，https:\/\/www.wanandroid.com\/wenda\/show\/20867，使用隐藏接口的，把我回答的compileOnly形式依赖，改变成implementation功能实现了。",
        "link" : "\/wenda\/show\/20535",
        "fullLink" : "https:\/\/www.wanandroid.com\/wenda\/show\/20535",
        "title" : "回复了@残页",
        "isRead" : 1,
        "date" : 1640231902000,
        "fromUserId" : 2160,
        "niceDate" : "2021-12-23 11:58",
        "tag" : "评论回复",
        "userId" : 59171
      },
      {
        "id" : 237393,
        "category" : 1,
        "fromUser" : "Reginer",
        "message" : "最后一起回复一下子吧，我适配mtk和高通两个平台，从6.0适配到12,。android.jar是基于aosp生成的，总是提到厂商乱改，厂商是可以乱改，改的都是方法内部和增加api，随便删api厂商也没这魄力，有的就自己开发系统了，不搞什么**UI。framework,jar是很早的方案不错，也正是因为它具有的稳定性，所以一直延续至今，framework,jar的方式说白就是变成Dalvik调用，就...",
        "link" : "\/wenda\/show\/20535",
        "fullLink" : "https:\/\/www.wanandroid.com\/wenda\/show\/20535",
        "title" : "回复了@残页",
        "isRead" : 1,
        "date" : 1640230240000,
        "fromUserId" : 2160,
        "niceDate" : "2021-12-23 11:30",
        "tag" : "评论回复",
        "userId" : 59171
      },
      {
        "id" : 236973,
        "category" : 1,
        "fromUser" : "回家的诱惑",
        "message" : ":+1:感谢解惑！",
        "link" : "\/wenda\/show\/20535",
        "fullLink" : "https:\/\/www.wanandroid.com\/wenda\/show\/20535",
        "title" : "回复了@残页",
        "isRead" : 1,
        "date" : 1640222851000,
        "fromUserId" : 7590,
        "niceDate" : "2021-12-23 09:27",
        "tag" : "评论回复",
        "userId" : 59171
      },
      {
        "id" : 236553,
        "category" : 1,
        "fromUser" : "yujincheng08",
        "message" : "完全偏题。题目问的就是普通 app 就是想用目前有没有什么方案。而你又是说自己有系统权限又是劝人不要用的。你说得对，系统更新可能就没法用了，但是题目问的就是非要用的时候啊。并且 SDK，system-API，test-API 都是很稳定的实现，只是普通 app 不能用而已，系统 app 还是可以用的并且有稳定性保证（但是这可不是你说的 apk 权限问题，appops 哪有这种权限的控制，这是 zy...",
        "link" : "\/wenda\/show\/20535",
        "fullLink" : "https:\/\/www.wanandroid.com\/wenda\/show\/20535",
        "title" : "回复了@Reginer",
        "isRead" : 1,
        "date" : 1640189461000,
        "fromUserId" : 120718,
        "niceDate" : "2021-12-23 00:11",
        "tag" : "评论回复",
        "userId" : 59171
      },
      {
        "id" : 236133,
        "category" : 1,
        "fromUser" : "残页",
        "message" : "我是做系统【插件】的，指用户拿到手机 root 之后我们通过替换系统文件等方式把自己的代码注入进到一系列进程然后在这些别人的进程里面干活，和你那种不同之处就是没有别人系统的源码，更别提换一个 android.jar 。工作要求是，同一份代码，完全不可控的环境（用户可能购买任何牌子的手机），直接兼容运行正常。我印象比较深刻的一个就是，我们只对高版本系统开启某个兼容措施，后面有人反馈有个低版本的系统也...",
        "link" : "\/wenda\/show\/20535",
        "fullLink" : "https:\/\/www.wanandroid.com\/wenda\/show\/20535",
        "title" : "回复了@Reginer",
        "isRead" : 1,
        "date" : 1640189135000,
        "fromUserId" : 12467,
        "niceDate" : "2021-12-23 00:05",
        "tag" : "评论回复",
        "userId" : 59171
      }
    ],
    "pageCount" : 7,
    "size" : 20,
    "total" : 132,
    "curPage" : 1
  },
  "errorCode" : 0
}
