{
    "data": {
      "curPage": 1,
      "datas": [
        {
          "author": "扔物线",
          "chapterId": 249,
          "chapterName": "干货资源",
          "courseId": 13,
          "desc": "",
          "envelopePic": "",
          "id": 127991,
          "link": "https://mp.weixin.qq.com/s/CFWznkSrq6JmW1fZdqdlOg",
          "niceDate": "1分钟前",
          "origin": "",
          "originId": 12554,
          "publishTime": 1587307096000,
          "title": "【扔物线】消失了半年，这个 Android 界的第一骚货终于回来了",
          "userId": 59171,
          "visible": 0,
          "zan": 0
        }
      ],
      "offset": 0,
      "over": true,
      "pageCount": 1,
      "size": 20,
      "total": 1
    },
    "errorCode": 0,
    "errorMsg": ""
  }