{
    "data": {
      "curPage": 0,
      "datas": [
        {
          "apkLink": "",
          "audit": 1,
          "author": "devallever",
          "canEdit": false,
          "chapterId": 294,
          "chapterName": "完整项目",
          "collect": false,
          "courseId": 13,
          "desc": "介绍\r\n【文本翻译器】是一款免费的简洁实用的翻译软件。文本翻译器应用程序完全免费，可以非常快速翻译您的单词，帮助您与外国人交流。文本翻译器适用于旅行者、学生、商人和其他语言爱好者，使用文本翻译器可以轻松了解其他语言。文本翻译器支持多国语言，全新领先的翻译引擎，让各种变得更加可靠有保证。界面设计简洁、优雅，体积小巧，但是功能很强大哦。赶快下载来试试吧~",
          "descMd": "",
          "envelopePic": "https://www.wanandroid.com/blogimgs/9fc6e10c-b3e8-46bb-928b-05ccd2147335.png",
          "fresh": false,
          "id": 12244,
          "link": "https://www.wanandroid.com/blog/show/2719",
          "niceDate": "2020-03-08 19:01",
          "niceShareDate": "2020-03-08 19:01",
          "origin": "",
          "prefix": "",
          "projectLink": "https://github.com/devallever/TranslationTextOpenSource",
          "publishTime": 1583665265000,
          "selfVisible": 0,
          "shareDate": 1583665265000,
          "shareUser": "",
          "superChapterId": 294,
          "superChapterName": "开源项目主Tab",
          "tags": [
            {
              "name": "项目",
              "url": "/project/list/1?cid=294"
            }
          ],
          "title": "TranslationTextOpenSource-文本翻译器开源版",
          "type": 0,
          "userId": -1,
          "visible": 1,
          "zan": 0
        },
        {
          "apkLink": "",
          "audit": 1,
          "author": "darryrzhong",
          "canEdit": false,
          "chapterId": 294,
          "chapterName": "完整项目",
          "collect": false,
          "courseId": 13,
          "desc": "该开源项目采用组件化的方式开发，使用MVVM + AndroidX + jetpack 组件为基本架构进行开发。",
          "descMd": "",
          "envelopePic": "https://www.wanandroid.com/blogimgs/01bbbf6a-da45-4bf9-8924-471dc337b8d0.png",
          "fresh": false,
          "id": 12243,
          "link": "https://www.wanandroid.com/blog/show/2718",
          "niceDate": "2020-03-08 19:00",
          "niceShareDate": "2020-03-08 19:00",
          "origin": "",
          "prefix": "",
          "projectLink": "https://github.com/darryrzhong/Android-MvvmComponent-App",
          "publishTime": 1583665230000,
          "selfVisible": 0,
          "shareDate": 1583665230000,
          "shareUser": "",
          "superChapterId": 294,
          "superChapterName": "开源项目主Tab",
          "tags": [
            {
              "name": "项目",
              "url": "/project/list/1?cid=294"
            }
          ],
          "title": "Android 组件化开源app -开眼短视频(OpenEyes)",
          "type": 0,
          "userId": -1,
          "visible": 1,
          "zan": 0
        },
        {
          "apkLink": "",
          "audit": 1,
          "author": "gs666",
          "canEdit": false,
          "chapterId": 294,
          "chapterName": "完整项目",
          "collect": false,
          "courseId": 13,
          "desc": "一个模仿企鹅 FM 界面的Android 应用&mdash;喜马拉雅Kotlin。完全使用 Kotlin 开发。有声资源和播放器由喜马拉雅 SDK 提供。 主要功能：\r\n\r\n1,在线播放专辑点播\r\n2,在线播放国家/省/市广播电台\r\n3,最近收听\r\n4,搜索节目/专辑/广播（包括热搜词）",
          "descMd": "",
          "envelopePic": "https://wanandroid.com/blogimgs/2baa4b4b-acfe-473c-b534-9d672423e564.png",
          "fresh": false,
          "id": 10135,
          "link": "https://www.wanandroid.com/blog/show/2703",
          "niceDate": "2019-11-07 10:43",
          "niceShareDate": "2019-11-07 10:43",
          "origin": "",
          "prefix": "",
          "projectLink": "https://github.com/gs666/XimalayaKotlin",
          "publishTime": 1573094591000,
          "selfVisible": 0,
          "shareDate": 1573094591000,
          "shareUser": "",
          "superChapterId": 294,
          "superChapterName": "开源项目主Tab",
          "tags": [
            {
              "name": "项目",
              "url": "/project/list/1?cid=294"
            }
          ],
          "title": "一个模仿企鹅 FM 界面的 Android 应用&mdash;喜马拉雅Kotlin。完全使用 Kotlin 开发。",
          "type": 0,
          "userId": -1,
          "visible": 1,
          "zan": 0
        },
        {
          "apkLink": "",
          "audit": 1,
          "author": "jsyjst",
          "canEdit": false,
          "chapterId": 294,
          "chapterName": "完整项目",
          "collect": false,
          "courseId": 13,
          "desc": "随心音乐，是一款基于MVP+Retrofit+EventBus+Glide的应用，有兴趣的盆友欢迎Star,Fork!",
          "descMd": "",
          "envelopePic": "https://www.wanandroid.com/blogimgs/025c4573-38d9-4cdc-a591-685a73ac7163.png",
          "fresh": false,
          "id": 9867,
          "link": "https://www.wanandroid.com/blog/show/2698",
          "niceDate": "2019-10-21 23:31",
          "niceShareDate": "2019-10-21 23:29",
          "origin": "",
          "prefix": "",
          "projectLink": "https://github.com/jsyjst/YuanMusicPlay",
          "publishTime": 1571671914000,
          "selfVisible": 0,
          "shareDate": 1571671756000,
          "shareUser": "",
          "superChapterId": 294,
          "superChapterName": "开源项目主Tab",
          "tags": [
            {
              "name": "项目",
              "url": "/project/list/1?cid=294"
            }
          ],
          "title": "随心音乐，让心跟着跳动起来",
          "type": 0,
          "userId": -1,
          "visible": 1,
          "zan": 0
        },
        {
          "apkLink": "",
          "audit": 1,
          "author": "ShowMeThe",
          "canEdit": false,
          "chapterId": 294,
          "chapterName": "完整项目",
          "collect": false,
          "courseId": 13,
          "desc": "利用wanandroid ApI实现，基于AAC的玩安卓客户端\r\n网络请求利用Retrofit2 + Coroutines，抛弃了RxJava的怀抱完成网络请求部分\r\n已完成\r\n#主页，公众号，知识体系，项目，收藏，登录注册等基本功能\r\n另外为了实现ROOM的应用，本地添加数据，完成基本的登录和数据展示功能\r\n#剩余功能尚未完善，开发中",
          "descMd": "",
          "envelopePic": "https://www.wanandroid.com/blogimgs/1534e4e3-456e-40dd-8f77-2328ce72a388.png",
          "fresh": false,
          "id": 9863,
          "link": "https://www.wanandroid.com/blog/show/2694",
          "niceDate": "2019-10-21 23:21",
          "niceShareDate": "2019-10-21 23:21",
          "origin": "",
          "prefix": "",
          "projectLink": "https://github.com/ShowMeThe/WanAndroid",
          "publishTime": 1571671303000,
          "selfVisible": 0,
          "shareDate": 1571671303000,
          "shareUser": "",
          "superChapterId": 294,
          "superChapterName": "开源项目主Tab",
          "tags": [
            {
              "name": "项目",
              "url": "/project/list/1?cid=294"
            }
          ],
          "title": "基于AAC架构玩安卓客户端",
          "type": 0,
          "userId": -1,
          "visible": 1,
          "zan": 0
        },
        {
          "apkLink": "",
          "audit": 1,
          "author": "laishujie",
          "canEdit": false,
          "chapterId": 294,
          "chapterName": "完整项目",
          "collect": false,
          "courseId": 13,
          "desc": "开源漫画项目，部分界面仿有妖气，Kotlin+MVVM+LiveData+协程+Retrofit。一起加油努力\r\n",
          "descMd": "",
          "envelopePic": "https://wanandroid.com/blogimgs/e2270cce-cc0b-4971-b382-b1c9f359bec3.png",
          "fresh": false,
          "id": 9841,
          "link": "https://www.wanandroid.com/blog/show/2691",
          "niceDate": "2019-10-20 20:10",
          "niceShareDate": "2019-10-20 20:10",
          "origin": "",
          "prefix": "",
          "projectLink": "https://github.com/laishujie/ComicMTC_v2",
          "publishTime": 1571573435000,
          "selfVisible": 0,
          "shareDate": 1571573435000,
          "shareUser": "",
          "superChapterId": 294,
          "superChapterName": "开源项目主Tab",
          "tags": [
            {
              "name": "项目",
              "url": "/project/list/1?cid=294"
            }
          ],
          "title": "开源漫画项目，部分界面仿有妖气",
          "type": 0,
          "userId": -1,
          "visible": 1,
          "zan": 0
        },
        {
          "apkLink": "",
          "audit": 1,
          "author": "xing16",
          "canEdit": false,
          "chapterId": 294,
          "chapterName": "完整项目",
          "collect": false,
          "courseId": 13,
          "desc": "WanAndroid-Kotlin是基于 Kotlin + MVP + RxJava + OkHttp 实现好用好看的学习阅读类客户端, 包括首页，项目，体系，干货，搜索，收藏，妹子等功能",
          "descMd": "",
          "envelopePic": "https://www.wanandroid.com/blogimgs/b4714e97-deb4-4cd4-bf63-e365afe60189.png",
          "fresh": false,
          "id": 9656,
          "link": "https://www.wanandroid.com/blog/show/2684",
          "niceDate": "2019-10-13 23:40",
          "niceShareDate": "2019-10-13 23:40",
          "origin": "",
          "prefix": "",
          "projectLink": "https://github.com/xing16/WanAndroid-Kotlin",
          "publishTime": 1570981232000,
          "selfVisible": 0,
          "shareDate": 1570981232000,
          "shareUser": "",
          "superChapterId": 294,
          "superChapterName": "开源项目主Tab",
          "tags": [
            {
              "name": "项目",
              "url": "/project/list/1?cid=294"
            }
          ],
          "title": "Kotlin 实现美观好用的 WanAndroid 客户端",
          "type": 0,
          "userId": -1,
          "visible": 1,
          "zan": 0
        },
        {
          "apkLink": "",
          "audit": 1,
          "author": "xuexiangjys",
          "canEdit": false,
          "chapterId": 294,
          "chapterName": "完整项目",
          "collect": false,
          "courseId": 13,
          "desc": "一个简洁而又优雅的Android原生UI框架，解放你的双手！还不赶紧点击使用说明文档，体验一下吧！",
          "descMd": "",
          "envelopePic": "https://wanandroid.com/blogimgs/df78f4d6-94c6-4ed8-8b96-999f57a84262.png",
          "fresh": false,
          "id": 9494,
          "link": "https://www.wanandroid.com/blog/show/2680",
          "niceDate": "2019-10-05 13:09",
          "niceShareDate": "2019-10-05 13:09",
          "origin": "",
          "prefix": "",
          "projectLink": "https://github.com/xuexiangjys/XUI",
          "publishTime": 1570252145000,
          "selfVisible": 0,
          "shareDate": 1570252145000,
          "shareUser": "",
          "superChapterId": 294,
          "superChapterName": "开源项目主Tab",
          "tags": [
            {
              "name": "项目",
              "url": "/project/list/1?cid=294"
            }
          ],
          "title": "XUI 一个简洁而优雅的Android原生UI框架，解放你的双手！",
          "type": 0,
          "userId": -1,
          "visible": 1,
          "zan": 0
        },
        {
          "apkLink": "",
          "audit": 1,
          "author": "kbz066",
          "canEdit": false,
          "chapterId": 294,
          "chapterName": "完整项目",
          "collect": false,
          "courseId": 13,
          "desc": "时光序 Flutter 版是仿照Android版本的时光序，从开始自学dart到基本完成开发历时一个多月,项目中基本使用到了flutter大部分基础widget，完成了大部分炫酷的特效交互,项目使用flutter 官方推荐的provider进行状态管理.\r\n\r\n",
          "descMd": "",
          "envelopePic": "https://www.wanandroid.com/blogimgs/1c73d4b3-9cff-4c8e-818a-e14e44b00988.png",
          "fresh": false,
          "id": 9111,
          "link": "https://www.wanandroid.com/blog/show/2675",
          "niceDate": "2019-09-10 00:05",
          "niceShareDate": "未知时间",
          "origin": "",
          "prefix": "",
          "projectLink": "https://github.com/kbz066/flutter_shiguangxu",
          "publishTime": 1568045114000,
          "selfVisible": 0,
          "shareDate": null,
          "shareUser": "",
          "superChapterId": 294,
          "superChapterName": "开源项目主Tab",
          "tags": [
            {
              "name": "项目",
              "url": "/project/list/1?cid=294"
            }
          ],
          "title": "Flutter 时光序 新鲜出炉 欢迎大家品尝",
          "type": 0,
          "userId": -1,
          "visible": 0,
          "zan": 0
        },
        {
          "apkLink": "",
          "audit": 1,
          "author": "xiangcman",
          "canEdit": false,
          "chapterId": 294,
          "chapterName": "完整项目",
          "collect": false,
          "courseId": 13,
          "desc": "仿苹果版小黄车菜单弹出效果",
          "descMd": "",
          "envelopePic": "https://www.wanandroid.com/blogimgs/8f82a5e5-57e9-4d62-9c94-f1ff2c277802.png",
          "fresh": false,
          "id": 9099,
          "link": "https://www.wanandroid.com/blog/show/2668",
          "niceDate": "2019-09-09 23:34",
          "niceShareDate": "未知时间",
          "origin": "",
          "prefix": "",
          "projectLink": "https://github.com/xiangcman/OfoMenuView-master",
          "publishTime": 1568043245000,
          "selfVisible": 0,
          "shareDate": null,
          "shareUser": "",
          "superChapterId": 294,
          "superChapterName": "开源项目主Tab",
          "tags": [
            {
              "name": "项目",
              "url": "/project/list/1?cid=294"
            }
          ],
          "title": "苹果版小黄车(ofo)app主页菜单效果",
          "type": 0,
          "userId": -1,
          "visible": 1,
          "zan": 0
        },
        {
          "apkLink": "",
          "audit": 1,
          "author": "iamyours",
          "canEdit": false,
          "chapterId": 294,
          "chapterName": "完整项目",
          "collect": false,
          "courseId": 13,
          "desc": "适配掘金/简书/CSDN/公众号/玩Android这些站点文章的黑夜模式，去除广告，专注文章内容，给你不一样的阅读体验。",
          "descMd": "",
          "envelopePic": "https://www.wanandroid.com/blogimgs/fad5f9dd-31b5-4328-80b2-8d1fef3dd11d.png",
          "fresh": false,
          "id": 9100,
          "link": "https://www.wanandroid.com/blog/show/2669",
          "niceDate": "2019-09-09 23:30",
          "niceShareDate": "未知时间",
          "origin": "",
          "prefix": "",
          "projectLink": "https://github.com/iamyours/Wandroid",
          "publishTime": 1568043020000,
          "selfVisible": 0,
          "shareDate": null,
          "shareUser": "",
          "superChapterId": 294,
          "superChapterName": "开源项目主Tab",
          "tags": [
            {
              "name": "项目",
              "url": "/project/list/1?cid=294"
            }
          ],
          "title": "一款全黑夜玩Android客户端，给你不一样的阅读体验",
          "type": 0,
          "userId": -1,
          "visible": 1,
          "zan": 0
        },
        {
          "apkLink": "",
          "audit": 1,
          "author": "hegaojian",
          "canEdit": false,
          "chapterId": 294,
          "chapterName": "完整项目",
          "collect": false,
          "courseId": 13,
          "desc": "一位练习长达两年半的安卓练习生根据鸿神提供的WanAndroid开放Api来制作的产品级App,基本实现了所有的功能，采用Kotlin语言，基于Material Design + AndroidX + MVP + RxJava + Retrofit等优秀的开源框架开发",
          "descMd": "",
          "envelopePic": "https://wanandroid.com/blogimgs/39749be0-f875-48c8-a1b6-c349d286d594.png",
          "fresh": false,
          "id": 9093,
          "link": "https://www.wanandroid.com/blog/show/2666",
          "niceDate": "2019-09-05 21:12",
          "niceShareDate": "未知时间",
          "origin": "",
          "prefix": "",
          "projectLink": "https://github.com/hegaojian/WanAndroid",
          "publishTime": 1567689172000,
          "selfVisible": 0,
          "shareDate": null,
          "shareUser": "",
          "superChapterId": 294,
          "superChapterName": "开源项目主Tab",
          "tags": [
            {
              "name": "项目",
              "url": "/project/list/1?cid=294"
            }
          ],
          "title": "一位练习长达两年半的安卓练习生根据鸿神提供的WanAndroid开放Api来制作的产品级App",
          "type": 0,
          "userId": -1,
          "visible": 1,
          "zan": 0
        },
        {
          "apkLink": "",
          "audit": 1,
          "author": "goweii",
          "canEdit": false,
          "chapterId": 294,
          "chapterName": "完整项目",
          "collect": false,
          "courseId": 13,
          "desc": "开发初期主要是为了试水一些自己开发的开源框架，但是后面发现本人对这个APP的使用频率还是挺高的，在坐地铁的时候都会拿出来刷一刷文章。所以决定把这个APP做好看，做好用，不至于影响刷文章的心情。\r\n\r\n如果你也觉得好用，欢迎给个star，谢谢。",
          "descMd": "",
          "envelopePic": "https://wanandroid.com/blogimgs/eb948f06-8895-4b67-8bf9-1aa41dea75cb.png",
          "fresh": false,
          "id": 8501,
          "link": "https://www.wanandroid.com/blog/show/2577",
          "niceDate": "2019-09-01 23:17",
          "niceShareDate": "未知时间",
          "origin": "",
          "prefix": "",
          "projectLink": "https://github.com/goweii/WanAndroid",
          "publishTime": 1567351026000,
          "selfVisible": 0,
          "shareDate": null,
          "shareUser": "",
          "superChapterId": 294,
          "superChapterName": "开源项目主Tab",
          "tags": [
            {
              "name": "项目",
              "url": "/project/list/1?cid=294"
            }
          ],
          "title": "简洁美观的WanAndroid客户端",
          "type": 0,
          "userId": -1,
          "visible": 1,
          "zan": 0
        },
        {
          "apkLink": "",
          "audit": 1,
          "author": "binaryshao",
          "canEdit": false,
          "chapterId": 294,
          "chapterName": "完整项目",
          "collect": false,
          "courseId": 13,
          "desc": "玩 Android 客户端，采用 kotlin 语言，Material Design 风格，根据 MVVM 架构使用 Jetpack 架构组件搭建了整套框架\r\n",
          "descMd": "",
          "envelopePic": "https://www.wanandroid.com/blogimgs/10491b74-b534-48b1-a5fe-d2ac00e20d2d.png",
          "fresh": false,
          "id": 8996,
          "link": "https://www.wanandroid.com/blog/show/2658",
          "niceDate": "2019-08-20 00:47",
          "niceShareDate": "未知时间",
          "origin": "",
          "prefix": "",
          "projectLink": "https://github.com/binaryshao/WanAndroid-MVVM",
          "publishTime": 1566233222000,
          "selfVisible": 0,
          "shareDate": null,
          "shareUser": "",
          "superChapterId": 294,
          "superChapterName": "开源项目主Tab",
          "tags": [
            {
              "name": "项目",
              "url": "/project/list/1?cid=294"
            }
          ],
          "title": "玩 Android 客户端  MVVM 架构使用 Jetpack 架构组件 ",
          "type": 0,
          "userId": -1,
          "visible": 1,
          "zan": 0
        },
        {
          "apkLink": "",
          "audit": 1,
          "author": "binaryshao",
          "canEdit": false,
          "chapterId": 294,
          "chapterName": "完整项目",
          "collect": false,
          "courseId": 13,
          "desc": "玩安卓客户端 Flutter 版，几乎对接了玩安卓的所有 API，内容比较完整\r\n",
          "descMd": "",
          "envelopePic": "https://www.wanandroid.com/blogimgs/f381b3aa-932e-47d6-af54-3abd7b4c48c8.png",
          "fresh": false,
          "id": 8995,
          "link": "https://www.wanandroid.com/blog/show/2657",
          "niceDate": "2019-08-20 00:46",
          "niceShareDate": "未知时间",
          "origin": "",
          "prefix": "",
          "projectLink": "https://github.com/binaryshao/WanAndroid_Flutter",
          "publishTime": 1566233179000,
          "selfVisible": 0,
          "shareDate": null,
          "shareUser": "",
          "superChapterId": 294,
          "superChapterName": "开源项目主Tab",
          "tags": [
            {
              "name": "项目",
              "url": "/project/list/1?cid=294"
            }
          ],
          "title": "玩安卓客户端 Flutter 版",
          "type": 0,
          "userId": -1,
          "visible": 1,
          "zan": 0
        }
      ],
      "offset": -15,
      "over": false,
      "pageCount": 12,
      "size": 15,
      "total": 168
    },
    "errorCode": 0,
    "errorMsg": ""
  }