{
    "data": {
      "curPage": 0,
      "datas": [
        {
          "apkLink": "",
          "audit": 1,
          "author": "zskingking",
          "canEdit": false,
          "chapterId": 402,
          "chapterName": "跨平台应用",
          "collect": false,
          "courseId": 13,
          "desc": "App基于MVP架构，全部使用Kotlin语言开发，基本全部实现Wan Android API对应所有功能，后续会增加额外功能，欢迎关注，欢迎star。",
          "descMd": "",
          "envelopePic": "https://www.wanandroid.com/blogimgs/3b1ee979-bc7d-43d7-8cd9-af089936a001.png",
          "fresh": false,
          "id": 12564,
          "link": "https://www.wanandroid.com/blog/show/2723",
          "niceDate": "2020-03-24 00:47",
          "niceShareDate": "2020-03-24 00:47",
          "origin": "",
          "prefix": "",
          "projectLink": "https://github.com/zskingking/WanAndroid-ZS",
          "publishTime": 1584982059000,
          "selfVisible": 0,
          "shareDate": 1584982059000,
          "shareUser": "",
          "superChapterId": 294,
          "superChapterName": "开源项目主Tab",
          "tags": [
            {
              "name": "项目",
              "url": "/project/list/1?cid=402"
            }
          ],
          "title": "Kotlin版玩安卓，超级简洁的界面，沉浸式的体验让你纵享丝滑。",
          "type": 0,
          "userId": -1,
          "visible": 1,
          "zan": 0
        }
      ],
      "offset": -20,
      "over": false,
      "pageCount": 3,
      "size": 20,
      "total": 54
    },
    "errorCode": 0,
    "errorMsg": ""
  }