{
    "data":[
        {
            "desc":"支持JSON格式化，JSON转Java类，树形展示等",
            "icon":"bejson.png",
            "id":1,
            "isNew":0,
            "link":"https://www.wanandroid.com/tools/bejson",
            "name":"Json格式化转Bean",
            "order":1,
            "showInTab":1,
            "tabName":"bejson",
            "visible":1
        },
        {
            "desc":"在线的清单，帮你记录灵感，统计已经做完的事情。",
            "icon":"ide.png",
            "id":16,
            "isNew":0,
            "link":"https://www.wanandroid.com/tools/todo",
            "name":"todo",
            "order":1,
            "showInTab":0,
            "tabName":"Todo",
            "visible":1
        },
        {
            "desc":"收集的开放 API",
            "icon":"ide.png",
            "id":18,
            "isNew":0,
            "link":"http://www.wanandroid.com/openapis",
            "name":"OpenApis",
            "order":1,
            "showInTab":1,
            "tabName":"OpenApis",
            "visible":1
        },
        {
            "desc":"支持MD5,SHA1,SHA224,SHA256,SHA384,SHA512在线转化",
            "icon":"md5.png",
            "id":2,
            "isNew":0,
            "link":"https://www.wanandroid.com/tools/digit",
            "name":"MD5,SHA等数字摘要",
            "order":2,
            "showInTab":1,
            "tabName":"md5&sha",
            "visible":1
        },
        {
            "desc":"Google仓库查询",
            "icon":"ide.png",
            "id":20,
            "isNew":1,
            "link":"https://www.wanandroid.com/maven_pom/index",
            "name":"Google仓库查询",
            "order":2,
            "showInTab":1,
            "tabName":"Google Repo",
            "visible":1
        },
        {
            "desc":"支持字符串、图文、文件等base64在线计算",
            "icon":"base64.png",
            "id":3,
            "isNew":0,
            "link":"https://www.wanandroid.com/tools/base64",
            "name":"Base64转化",
            "order":3,
            "showInTab":1,
            "tabName":"base64",
            "visible":1
        },
        {
            "desc":"url decode / encode 操作",
            "icon":"ide.png",
            "id":19,
            "isNew":0,
            "link":"https://www.wanandroid.com/tools/decode",
            "name":"url decode",
            "order":3,
            "showInTab":0,
            "tabName":"urldecode",
            "visible":1
        },
        {
            "desc":"支持二维码在线生成，支持个性化二维码",
            "icon":"qrcode.png",
            "id":4,
            "isNew":0,
            "link":"https://www.wanandroid.com/tools/qrcode",
            "name":"二维码生成",
            "order":4,
            "showInTab":1,
            "tabName":"二维码",
            "visible":1
        },
        {
            "desc":"支持在线取色，颜色转化",
            "icon":"color.png",
            "id":5,
            "isNew":0,
            "link":"https://www.wanandroid.com/tools/color",
            "name":"取色器",
            "order":5,
            "showInTab":1,
            "tabName":"取色器",
            "visible":1
        },
        {
            "desc":"Android 版本与 Version Code 对应。",
            "icon":"ide.png",
            "id":22,
            "isNew":0,
            "link":"https://www.wanandroid.com/blog/show/2791",
            "name":"Android 版本",
            "order":5,
            "showInTab":0,
            "tabName":"Android 版本",
            "visible":1
        },
        {
            "desc":"图标查找",
            "icon":"ide.png",
            "id":6,
            "isNew":0,
            "link":"http://www.iconfont.cn/",
            "name":"iconfont你值得拥有",
            "order":6,
            "showInTab":0,
            "tabName":"iconfont",
            "visible":1
        },
        {
            "desc":"图片压缩",
            "icon":"tinypng.png",
            "id":7,
            "isNew":0,
            "link":"https://tinypng.com/",
            "name":"tinypng压缩图片",
            "order":7,
            "showInTab":0,
            "tabName":"tinypng",
            "visible":1
        },
        {
            "desc":"支持常见进制转换，各种进制互转2转32以内，32以内转32以内",
            "icon":"decimal.png",
            "id":9,
            "isNew":0,
            "link":"https://www.wanandroid.com/tools/decimal",
            "name":"进制转化",
            "order":8,
            "showInTab":1,
            "tabName":"进制转化",
            "visible":1
        },
        {
            "desc":"支持长连接转化为短链接",
            "icon":"ide.png",
            "id":11,
            "isNew":0,
            "link":"http://dwz.cn/",
            "name":"短链接",
            "order":9,
            "showInTab":0,
            "tabName":"短链接",
            "visible":1
        },
        {
            "desc":"速查表",
            "icon":"ide.png",
            "id":17,
            "isNew":0,
            "link":"http://www.wanandroid.com/article/list/0?cid=398",
            "name":"速查表",
            "order":10,
            "showInTab":0,
            "tabName":"速查",
            "visible":1
        },
        {
            "desc":"正则表达式",
            "icon":"ide.png",
            "id":12,
            "isNew":0,
            "link":"http://tool.oschina.net/regex",
            "name":"正则",
            "order":19,
            "showInTab":0,
            "tabName":"正则",
            "visible":1
        },
        {
            "desc":"有一长串复杂的URL？输入解析一下，一目了然~",
            "icon":"ide.png",
            "id":14,
            "isNew":0,
            "link":"http://t.codekk.com/url-order",
            "name":"URL按序解析",
            "order":20,
            "showInTab":0,
            "tabName":"URLOrder",
            "visible":1
        },
        {
            "desc":"搭建环境，下载Android Studo、SDK、NDK；版本分布；屏幕尺寸和分布；",
            "icon":"ide.png",
            "id":8,
            "isNew":0,
            "link":"https://www.wanandroid.com/tools/ide",
            "name":"下载Studio 3.0.1",
            "order":999,
            "showInTab":0,
            "tabName":"Studio 3.0.1",
            "visible":1
        },
        {
            "desc":"https安全检测",
            "icon":"ide.png",
            "id":15,
            "isNew":0,
            "link":"https://www.upyun.com/https",
            "name":"https安全检测",
            "order":9999,
            "showInTab":0,
            "tabName":"https检测",
            "visible":1
        },
        {
            "desc":"支持markdown，可以用来临时记录一些笔记。",
            "icon":"bejson.png",
            "id":21,
            "isNew":0,
            "link":"https://www.wanandroid.com/lg/userdraft/show",
            "name":"草稿记事",
            "order":9999,
            "showInTab":1,
            "tabName":"草稿记事",
            "visible":1
        }
    ],
    "errorCode":0,
    "errorMsg":""
}
